withdrawal_id,user_id,amount,tx_hash,created_at,user_id
201,54,2277.19,0x_aeth_suspicious_hash_0,2025-07-10 21:19:42.101537,54
202,56,3350.65,0x_aeth_suspicious_hash_1,2025-07-11 00:19:42.101542,56
203,51,4551.89,0x_aeth_suspicious_hash_2,2025-07-10 03:19:42.101546,51
204,56,2105.39,0x_aeth_suspicious_hash_3,2025-07-10 04:19:42.101549,56
205,53,2063.05,0x_aeth_suspicious_hash_4,2025-07-10 18:19:42.101552,53
206,56,1937.66,0x_aeth_suspicious_hash_5,2025-07-10 23:19:42.101555,56
207,58,4894.95,0x_aeth_suspicious_hash_6,2025-07-10 20:19:42.101557,58
208,57,2668.72,0x_aeth_suspicious_hash_7,2025-07-10 22:19:42.101560,57
209,57,3359.64,0x_aeth_suspicious_hash_8,2025-07-10 07:19:42.101563,57
210,54,2366.72,0x_aeth_suspicious_hash_9,2025-07-10 12:19:42.101565,54
211,55,4611.03,0x_aeth_suspicious_hash_10,2025-07-10 21:19:42.101568,55
212,55,1251.7,0x_aeth_suspicious_hash_11,2025-07-10 22:19:42.101571,55
213,56,3940.12,0x_aeth_suspicious_hash_12,2025-07-11 01:19:42.101574,56
214,55,4158.13,0x_aeth_suspicious_hash_13,2025-07-10 13:19:42.101576,55
215,58,1509.9,0x_aeth_suspicious_hash_14,2025-07-11 00:19:42.101579,58
